<annotation>
	<folder>faces</folder>
	<filename>00044.jpg</filename>
	<path>D:\faces\00044.jpg</path>
	<source>
		<database>Unknown</database>
	</source>
	<size>
		<width>250</width>
		<height>250</height>
		<depth>3</depth>
	</size>
	<segmented>0</segmented>
	<object>
		<name>eyes</name>
		<pose>Unspecified</pose>
		<truncated>0</truncated>
		<difficult>0</difficult>
		<bndbox>
			<xmin>92</xmin>
			<ymin>88</ymin>
			<xmax>165</xmax>
			<ymax>116</ymax>
		</bndbox>
	</object>
	<object>
		<name>nose</name>
		<pose>Unspecified</pose>
		<truncated>0</truncated>
		<difficult>0</difficult>
		<bndbox>
			<xmin>112</xmin>
			<ymin>106</ymin>
			<xmax>144</xmax>
			<ymax>147</ymax>
		</bndbox>
	</object>
	<object>
		<name>mouth</name>
		<pose>Unspecified</pose>
		<truncated>0</truncated>
		<difficult>0</difficult>
		<bndbox>
			<xmin>102</xmin>
			<ymin>155</ymin>
			<xmax>148</xmax>
			<ymax>168</ymax>
		</bndbox>
	</object>
</annotation>
