<annotation>
	<folder>faces</folder>
	<filename>00151.jpg</filename>
	<path>D:\faces\00151.jpg</path>
	<source>
		<database>Unknown</database>
	</source>
	<size>
		<width>250</width>
		<height>250</height>
		<depth>3</depth>
	</size>
	<segmented>0</segmented>
	<object>
		<name>eyes</name>
		<pose>Unspecified</pose>
		<truncated>0</truncated>
		<difficult>0</difficult>
		<bndbox>
			<xmin>97</xmin>
			<ymin>102</ymin>
			<xmax>157</xmax>
			<ymax>125</ymax>
		</bndbox>
	</object>
	<object>
		<name>nose</name>
		<pose>Unspecified</pose>
		<truncated>0</truncated>
		<difficult>0</difficult>
		<bndbox>
			<xmin>119</xmin>
			<ymin>116</ymin>
			<xmax>143</xmax>
			<ymax>145</ymax>
		</bndbox>
	</object>
	<object>
		<name>mouth</name>
		<pose>Unspecified</pose>
		<truncated>0</truncated>
		<difficult>0</difficult>
		<bndbox>
			<xmin>111</xmin>
			<ymin>151</ymin>
			<xmax>149</xmax>
			<ymax>167</ymax>
		</bndbox>
	</object>
	<object>
		<name>nose</name>
		<pose>Unspecified</pose>
		<truncated>0</truncated>
		<difficult>0</difficult>
		<bndbox>
			<xmin>223</xmin>
			<ymin>151</ymin>
			<xmax>249</xmax>
			<ymax>176</ymax>
		</bndbox>
	</object>
</annotation>
