<annotation>
	<folder>faces</folder>
	<filename>00182.jpg</filename>
	<path>D:\faces\00182.jpg</path>
	<source>
		<database>Unknown</database>
	</source>
	<size>
		<width>250</width>
		<height>250</height>
		<depth>3</depth>
	</size>
	<segmented>0</segmented>
	<object>
		<name>eyes</name>
		<pose>Unspecified</pose>
		<truncated>0</truncated>
		<difficult>0</difficult>
		<bndbox>
			<xmin>90</xmin>
			<ymin>97</ymin>
			<xmax>157</xmax>
			<ymax>122</ymax>
		</bndbox>
	</object>
	<object>
		<name>nose</name>
		<pose>Unspecified</pose>
		<truncated>0</truncated>
		<difficult>0</difficult>
		<bndbox>
			<xmin>112</xmin>
			<ymin>111</ymin>
			<xmax>138</xmax>
			<ymax>141</ymax>
		</bndbox>
	</object>
	<object>
		<name>mouth</name>
		<pose>Unspecified</pose>
		<truncated>0</truncated>
		<difficult>0</difficult>
		<bndbox>
			<xmin>107</xmin>
			<ymin>145</ymin>
			<xmax>144</xmax>
			<ymax>160</ymax>
		</bndbox>
	</object>
</annotation>
