<annotation>
	<folder>faces</folder>
	<filename>00213.jpg</filename>
	<path>D:\faces\00213.jpg</path>
	<source>
		<database>Unknown</database>
	</source>
	<size>
		<width>250</width>
		<height>250</height>
		<depth>3</depth>
	</size>
	<segmented>0</segmented>
	<object>
		<name>eyes</name>
		<pose>Unspecified</pose>
		<truncated>0</truncated>
		<difficult>0</difficult>
		<bndbox>
			<xmin>94</xmin>
			<ymin>93</ymin>
			<xmax>157</xmax>
			<ymax>125</ymax>
		</bndbox>
	</object>
	<object>
		<name>nose</name>
		<pose>Unspecified</pose>
		<truncated>0</truncated>
		<difficult>0</difficult>
		<bndbox>
			<xmin>113</xmin>
			<ymin>107</ymin>
			<xmax>140</xmax>
			<ymax>145</ymax>
		</bndbox>
	</object>
	<object>
		<name>mouth</name>
		<pose>Unspecified</pose>
		<truncated>0</truncated>
		<difficult>0</difficult>
		<bndbox>
			<xmin>117</xmin>
			<ymin>148</ymin>
			<xmax>151</xmax>
			<ymax>163</ymax>
		</bndbox>
	</object>
</annotation>
