<annotation>
	<folder>faces</folder>
	<filename>00451.jpg</filename>
	<path>D:\faces\00451.jpg</path>
	<source>
		<database>Unknown</database>
	</source>
	<size>
		<width>250</width>
		<height>250</height>
		<depth>3</depth>
	</size>
	<segmented>0</segmented>
	<object>
		<name>eyes</name>
		<pose>Unspecified</pose>
		<truncated>0</truncated>
		<difficult>0</difficult>
		<bndbox>
			<xmin>92</xmin>
			<ymin>97</ymin>
			<xmax>162</xmax>
			<ymax>119</ymax>
		</bndbox>
	</object>
	<object>
		<name>nose</name>
		<pose>Unspecified</pose>
		<truncated>0</truncated>
		<difficult>0</difficult>
		<bndbox>
			<xmin>109</xmin>
			<ymin>109</ymin>
			<xmax>138</xmax>
			<ymax>139</ymax>
		</bndbox>
	</object>
	<object>
		<name>mouth</name>
		<pose>Unspecified</pose>
		<truncated>0</truncated>
		<difficult>0</difficult>
		<bndbox>
			<xmin>104</xmin>
			<ymin>144</ymin>
			<xmax>143</xmax>
			<ymax>162</ymax>
		</bndbox>
	</object>
</annotation>
